d,OPT_M,lossMargin,SVDB
2, 0.020579, 1.379084,230.126613
3, 0.022368, 1.619521,3491.003374
