n,Kronecker,Marginals
2, 0.000817, 0.005679
4, 0.000743, 0.005557
8, 0.001079, 0.008460
16, 0.006305, 0.103860
32, 0.159864, 1.954898
64, 4.945274, 59.463313
